k,p,plateau_mean,plateau_sem,vmin_mean,tstar_mean,delta_mean,delta_sem,C_mean,C_sem,L_mean,L_sem,lambda2_mean,lambda2_sem,inv_lambda2_mean
4,0.0,0.10049459581301785,0.0019686829921173143,0.035275940497731646,5.3,0.6447456201318162,0.007800222688585697,0.5,0.0,12.878787878787879,0.0,0.019717140514500877,0.0,50.71729337550517
4,0.01,0.08677196702370123,0.0024956517400071877,0.03493710017716765,5.9,0.5889867387954241,0.010457708303336385,0.48906666666666665,0.0013222141730010323,10.318430976430976,0.31415711851928496,0.023960962345346518,0.001161664552158818,41.73455079087051
4,0.03,0.06686313593552198,0.0025146265131253255,0.03450768552291542,6.6,0.469237444150839,0.015213406080331318,0.46655555555555545,0.0025838842983505793,7.882269360269359,0.21048435423529113,0.03621477747677708,0.002010725515788484,27.613037264725854
4,0.05,0.05162006173596501,0.0015648535020771452,0.03323817281640871,17.033333333333335,0.34200363722563804,0.017034581111861142,0.43031904761904766,0.004325181135812229,6.128498316498317,0.13540896776380587,0.06848538672523162,0.004462829785812073,14.60165515326756
4,0.1,0.04100590498414344,0.0007896799250631496,0.032391857546207194,55.733333333333334,0.20524979483809813,0.009934327821045884,0.3770920634920634,0.00515064885102733,5.082936026936028,0.06850318541565081,0.11439726043492733,0.005882835427648356,8.741468075355098
4,0.2,0.0324328686246103,0.00041589381621144107,0.028534682867440913,229.83333333333334,0.1193225688529242,0.004374922100179972,0.2747730158730158,0.0070486595495659185,4.2136969696969695,0.037277174371769174,0.24705414006260426,0.012156496091266107,4.0476957793405
4,0.3,0.028835691761217,0.00018277892184400847,0.025576546325898102,259.1333333333333,0.11283474980227617,0.0027345152677764107,0.18369920634920636,0.006910172887208337,3.835750841750842,0.02085664893817737,0.3520559860312632,0.012364730185436504,2.8404573126934367
4,0.4,0.027519321884876782,0.00014243938275519422,0.02471566235220061,247.56666666666666,0.10168366367632196,0.002676205132681267,0.1327298941798942,0.00628382163342177,3.6696700336700343,0.013041724715275357,0.4386161641025253,0.010684347452269328,2.2798977371163476
4,0.5,0.026545931057474954,6.929825102651334e-05,0.02392833068067156,275.8,0.09854221029234546,0.0025800442990925347,0.09252962962962964,0.003981262639148867,3.5634747474747477,0.008694611234230744,0.5079464873612098,0.00884681726042381,1.9687113207436793
4,0.7,0.025935216025554115,5.105348065761849e-05,0.0232371615517202,291.73333333333335,0.10397810774411166,0.002718481446876172,0.04478968253968253,0.003123862045671571,3.477595959595959,0.0056479371419837845,0.5586872723159091,0.008382108500141434,1.7899101152863763
4,0.9,0.02581010381058004,5.290788450189848e-05,0.0232971560777922,289.8,0.09727502835254574,0.003075886800944001,0.03524410774410774,0.002788713445617444,3.4490707070707076,0.0057801785118200355,0.5851504556633292,0.008657689025830652,1.7089621828396175
4,1.0,0.025807086989555996,3.7807983862255425e-05,0.02328382081096776,229.8,0.09772129190825403,0.002620264791135312,0.03582698412698413,0.0027930537398350884,3.4436700336700334,0.004174339735056611,0.5856785888501654,0.008303687291578845,1.7074211334296032
6,0.0,0.06380484665977594,0.0009972662257764285,0.0313138669274611,6.766666666666667,0.5056760358227371,0.008351922642378292,0.6000000000000001,2.0616324000971782e-17,8.757575757575756,3.298611840155485e-16,0.055142639057128816,1.2885202500607364e-18,18.1347867475835
6,0.01,0.05400431098370164,0.0012149599038497542,0.03044607440430958,5.966666666666667,0.4282156032197638,0.01290510866282123,0.5837896825396826,0.0020332443984469655,6.60996632996633,0.20550103101588854,0.07110764837754659,0.0038689308112847993,14.06318480243493
6,0.03,0.040841617892540504,0.00056969355364903,0.030069945319387708,7.566666666666666,0.2600437146521204,0.01061559661480855,0.5502119047619048,0.002812135323429503,4.8388215488215485,0.06660517243310869,0.12830591406317185,0.006877919053258743,7.793873005009314
6,0.05,0.03756697356135639,0.0007099164875487624,0.029180191037724932,49.43333333333333,0.2177098110491207,0.011055227238637517,0.5254735449735449,0.0031152384185001306,4.372350168350168,0.05751968992379435,0.17022887721145377,0.0081218635630271,5.874443962629364
6,0.1,0.030330199971165202,0.0002190965216073892,0.026526798456329295,169.73333333333332,0.12493173151691271,0.003965453494700966,0.45378941798941796,0.0035407460162563383,3.67986531986532,0.020542093736433484,0.3164226341292976,0.009758016830760398,3.160330179134331
6,0.2,0.025639932077545745,9.847979162922111e-05,0.023008449588397165,247.23333333333332,0.102518628292207,0.003127746435296647,0.31456916786916783,0.0035734404761971423,3.143393939393939,0.010009216721140855,0.6681299460249654,0.015204997564102813,1.4967148321213457
6,0.3,0.024350939876406404,9.022729234350115e-05,0.022006119113327855,316.7,0.09623442863018249,0.002564917867181177,0.24092962962962963,0.005079705274591429,2.991885521885522,0.00905581980656387,0.886895898879256,0.020933823357686693,1.127528046147998
6,0.4,0.023393750021313293,4.8825840490289855e-05,0.021262653858376425,192.63333333333333,0.0910157139746992,0.002692375534968139,0.16027751322751319,0.0036946537769855107,2.8636296296296293,0.005771025888086665,1.1431717794770007,0.020776803084254065,0.8747591726393897
6,0.5,0.02297842300644255,3.814104418136025e-05,0.02084003317846596,259.8666666666667,0.09305034754731717,0.002099656269823726,0.11642017797017795,0.0035094620909355374,2.8023771043771046,0.0033878839364944817,1.3168167917286564,0.019949441239663836,0.7594070840236219
6,0.7,0.022637608165530714,2.5262223906106654e-05,0.02053871552801009,246.93333333333334,0.09270400322188431,0.0019450971990326224,0.06623402523402523,0.0018895579141860303,2.74447138047138,0.002012378519713545,1.4970158968713947,0.01456094233709727,0.6679955784637254
6,0.9,0.02253215408235704,3.0413497142628962e-05,0.020421097249911344,300.93333333333334,0.09367165303619637,0.0023140534837893913,0.05115904095904096,0.0016615902550334914,2.724835016835016,0.002165232601740108,1.5543330580176427,0.01615617134828954,0.6433627560333658
6,1.0,0.022521558613596986,2.769149056252189e-05,0.020520016460298558,255.0,0.08882332919210084,0.0024547269799775275,0.04891531246531247,0.0015183141399626946,2.728188552188551,0.002249679611924706,1.5637281948680786,0.011924018918892684,0.6394973265058788
8,0.0,0.04688874541814681,0.000579571343679997,0.028310141743364308,9.1,0.3937133413054856,0.008097338018283476,0.6428571428571428,2.0616324000971782e-17,6.696969696969696,1.6493059200777426e-16,0.11797631679985265,0.0,8.476277503191632
8,0.01,0.040356518068472194,0.0008684713921097231,0.027980244612120835,9.4,0.29846820166901655,0.0148019755309383,0.6225896825396826,0.0021874811006783127,4.899959595959596,0.12793452063183725,0.15097924016162917,0.005318114251711686,6.623427160776945
8,0.03,0.0332500302532078,0.00030974401108197343,0.027076504263303804,49.5,0.184013155667805,0.007550368600447504,0.5887835978835979,0.002178581703596836,3.834053872053872,0.031100630898700327,0.23088176371290178,0.005174565106594834,4.331221244669137
8,0.05,0.029797010383448334,0.00029706504992509206,0.025740588826539946,118.4,0.13510906575077633,0.005216169362184925,0.5534707792207793,0.0035256715465248195,3.431030303030303,0.029584797045680292,0.35942210468712593,0.011416017397220011,2.782244016044845
8,0.1,0.026347087387672156,0.00013127173279869016,0.023463916497574885,267.06666666666666,0.10919169283310072,0.003231815959044463,0.47622881192881195,0.0036552062181107346,3.032255892255892,0.013937759419472966,0.604629356032839,0.01819885506577902,1.6539058019963018
8,0.2,0.023735562183149934,0.00010271532566730361,0.021443103587238346,229.46666666666667,0.09635929036843464,0.0029264670094250544,0.3548588208088208,0.005507826168506876,2.735723905723906,0.010602881472007993,1.1068376479732447,0.03354744149087074,0.9034748698972451
8,0.3,0.022687378722660245,4.3858695713118665e-05,0.02052741149263798,238.0,0.09515457223957166,0.0037709520959122926,0.2673788544788545,0.0038025830774312598,2.6051717171717166,0.004570801267573057,1.4977202078046983,0.02695029160261327,0.6676814499723965
8,0.4,0.022020315578627114,4.2478144789538475e-05,0.01992160144390862,269.6,0.09522591464315282,0.0025673066696867254,0.18616481296481296,0.0034468130073491577,2.5127340067340067,0.003525078143809637,1.9692152360846011,0.024023739618028006,0.5078165056189105
8,0.5,0.021764871309509222,2.8007320698256747e-05,0.01981957919703,264.8,0.08936497886649278,0.0018519487075630797,0.1330621508121508,0.0028554826918018787,2.4612727272727275,0.0026363202639856876,2.338594087062918,0.027581812782810786,0.4276073413218614
8,0.7,0.02149275420585759,2.7979888422129776e-05,0.019579656231625584,232.93333333333334,0.08898430022887469,0.0022279763330041802,0.07975473110767228,0.001576065306277789,2.4206464646464645,0.0012117109100836221,2.6692906950751634,0.018822770599518878,0.3746313587519704
8,0.9,0.021505226297388973,2.362556013655109e-05,0.019572504743460475,235.13333333333333,0.08985141437669791,0.0019381061082556423,0.07198225108225108,0.00144732557422536,2.4155959595959597,0.0013895592779557913,2.682245624179549,0.02011775039414081,0.3728219336012086
8,1.0,0.021486864408165978,2.9514611466293132e-05,0.019612325099210893,292.3666666666667,0.08718826127782854,0.002670909825528101,0.07220048285048283,0.001843414135645928,2.41813468013468,0.0013180140652889758,2.6659682454284406,0.016870854006443496,0.37509824121678265
10,0.0,0.03765996734955108,0.000312160008961661,0.026835082614936633,9.7,0.2858037959623461,0.008072047009817633,0.6666666666666667,4.1232648001943564e-17,5.454545454545457,4.947917760233228e-16,0.21586328420955792,1.0308162000485891e-17,4.632561779377034
10,0.01,0.03332997517457569,0.0003905941488171533,0.02628329466410358,41.96666666666667,0.20899416108331031,0.008786233993652588,0.6463705146705147,0.0017424657259411597,3.9709562289562284,0.07829556953473846,0.27063221137215127,0.006953665963450804,3.6950516530527913
10,0.03,0.02971671949921312,0.0003151963760333321,0.024959170571589903,105.0,0.15815169958804998,0.00838658633820858,0.6145406926406927,0.002592594416599565,3.292114478114478,0.028702910177646836,0.39181327729832155,0.009574977577505457,2.5522361235313955
10,0.05,0.027345120298439884,0.00022560345133866496,0.023945528384255517,236.76666666666668,0.12363388261383085,0.004255453071207365,0.5795628908128909,0.003360836334901338,3.015420875420875,0.021187511409754053,0.5519621434211675,0.02043458693976864,1.8117184519246334
10,0.1,0.024709897228637027,0.00012034694512174461,0.021971807797440013,220.23333333333332,0.11056991568310554,0.0031603744456205423,0.5044881118881119,0.003144378651710349,2.7150841750841748,0.008743758554659658,0.886382430311928,0.022027583286987912,1.128181206895187
10,0.2,0.022551188385678152,6.330900921685585e-05,0.020456225526748507,257.6666666666667,0.09286829736057846,0.0019016987378644371,0.3666153004403005,0.00496546974803378,2.4649764309764306,0.006536445900242134,1.669227399036462,0.039327344426137535,0.5990795505616766
10,0.3,0.02170576371081952,3.420607205080392e-05,0.019889730550160464,251.03333333333333,0.083616306042594,0.002199021224662866,0.2710493765493765,0.0033122705781424336,2.366020202020202,0.00326236187367355,2.3522373297152486,0.03736475942455781,0.42512717036127284
10,0.4,0.021323408851789735,2.953432857002116e-05,0.019386816162591858,232.26666666666668,0.09075326553144951,0.0023387978498054826,0.1980459512709513,0.0033691490146413056,2.3039191919191917,0.0026308598761065173,2.914148709291054,0.04194963778188146,0.3431533870635165
10,0.5,0.021117664408348127,2.6621472236319024e-05,0.019259500773722384,251.36666666666667,0.087963071603685,0.002272738159403949,0.14778389382948204,0.002653770532532119,2.264047138047138,0.0018782717920639285,3.4270226009442797,0.0311712839688704,0.2917984841198481
10,0.7,0.020940769114113515,1.948352171626716e-05,0.019167394028414827,292.4,0.08466706538308351,0.0020332786663297404,0.10365753962812785,0.0013030106687630012,2.230619528619528,0.0014903322162320891,3.8401706011081687,0.02979951615157602,0.2604050975525481
10,0.9,0.02092276972988182,2.195896311108542e-05,0.019131601637357717,200.7,0.08559943319990553,0.0019612140271940076,0.0906733635702676,0.0016547034805497723,2.2219663299663295,0.0010906223777644574,3.8960870772383136,0.029273320289220115,0.25666777466093904
10,1.0,0.020949463981155922,1.9897994271291434e-05,0.019105737480952005,220.63333333333333,0.0879984772561759,0.0019465965740693854,0.09154693324105087,0.0010386503434226652,2.2225925925925925,0.0011001361369537982,3.9118553437360135,0.02141278960124195,0.2556331745756608
12,0.0,0.03202396046551437,0.0002646382326347282,0.024976872152994604,10.8,0.21881312875290013,0.006818061287419217,0.6818181818181821,6.184897200291535e-17,4.636363636363637,0.0,0.35631031243305045,2.0616324000971782e-17,2.8065424016822322
12,0.01,0.02913080791247391,0.00021202013112866033,0.024539506635648887,85.53333333333333,0.1567164095696349,0.005464091260713004,0.6604537203537203,0.001377783888359437,3.364875420875421,0.04599363459935699,0.4412275731191354,0.009504985907692803,2.2664041436276943
12,0.03,0.02680149382852913,0.0001621006350697151,0.023274528242534263,177.13333333333333,0.13097600248927818,0.0048361129513340845,0.6290326673326674,0.002326406427791923,2.934228956228956,0.025774329168112,0.5845565973221664,0.01729638112346086,1.7106983388451444
12,0.05,0.025243973598047878,0.00013521228044677312,0.02249054371555638,256.26666666666665,0.10858301177247927,0.004619711426428274,0.5916987327487326,0.0023320781688048416,2.7080134680134678,0.0113615561993895,0.8047731871685067,0.018509932736463522,1.242586129786921
12,0.1,0.02337577307196701,7.523621468869287e-05,0.020969365046282617,262.26666666666665,0.10279105707468199,0.003180751715480614,0.516419770969771,0.003161776420670581,2.4869292929292928,0.007511016528892216,1.2696741976950576,0.03187623313865511,0.7876036244694749
12,0.2,0.021857037700185062,3.05583819528888e-05,0.01980226917061101,242.96666666666667,0.0939984699144183,0.0022989897198888317,0.3844054599539894,0.0031740645982209882,2.3054478114478116,0.0029628386767680376,2.2226175401835833,0.03037780682222317,0.4499199623509685
12,0.3,0.02120625850300293,2.353152095069773e-05,0.019312570864061747,207.9,0.08928590711760914,0.0022467857239281473,0.2914821763204117,0.003776979481715678,2.214161616161616,0.0029679462121379395,3.048176061087681,0.04276398804907346,0.3280650395381591
12,0.4,0.02090148391700083,2.111626682651098e-05,0.019090083415471797,231.03333333333333,0.0866365268667439,0.0020765773776668097,0.2124537631328653,0.003002574122118856,2.1502020202020202,0.00236672250523181,3.924224328994656,0.04789365869240837,0.2548274298722849
12,0.5,0.02080219701371375,2.087652366413401e-05,0.01897464383977261,278.06666666666666,0.08784510766110451,0.002178370049995969,0.16678222322626352,0.0017514125210660767,2.114148148148148,0.001505327751449699,4.555139884899708,0.044881152623496075,0.2195322262912278
12,0.7,0.020629344799331224,2.4315257657221625e-05,0.018821304843612705,237.2,0.0876275206660054,0.0019555781366954257,0.12327614712715332,0.001370696478178131,2.0806195286195286,0.0012005693327274637,5.148863680649078,0.037060877104605455,0.19421761033571153
12,0.9,0.02062475736839387,2.0810064474117592e-05,0.01883198642141087,267.03333333333336,0.0869061011304867,0.0019857082946774366,0.11305750997169424,0.0010983603761480522,2.0745454545454547,0.0009324375489599344,5.218813557432373,0.03911287119293784,0.1916144328581829
12,1.0,0.020590294477884487,2.2077686053814746e-05,0.018846196554240587,247.73333333333332,0.08468765640181145,0.0022408693039398407,0.11316427425916586,0.0011383732753374358,2.0745858585858583,0.0008615427736880306,5.301517273019465,0.03577063849873164,0.1886252460383766
14,0.0,0.028780160407554885,0.00018749460970308835,0.023792877686625743,46.53333333333333,0.17232259274763184,0.007025834494434017,0.6923076923076924,2.0616324000971782e-17,4.040404040404041,0.0,0.5466562075010046,4.1232648001943564e-17,1.829303292047886
14,0.01,0.02699541508364316,0.0001621778714265043,0.023152044847882264,134.7,0.1417156611276947,0.005480760964370866,0.67262533022533,0.0014335740857016465,3.0911919191919193,0.04044679915568201,0.6340523312036107,0.010192524826899991,1.5771568856181273
14,0.03,0.025123516208206253,0.0001361419483979612,0.022184189951359477,178.0,0.11646241624796717,0.00422421530443162,0.6381012199673964,0.0024692260683946725,2.6695151515151516,0.017992555322870942,0.851169456591691,0.02047795342687082,1.174854187090155
14,0.05,0.02395045812707651,8.283522410113953e-05,0.02148300014405598,236.33333333333334,0.10295668939933629,0.0025012982520574915,0.6004056506559602,0.002641892780242348,2.498249158249158,0.008816272064616753,1.1259644159623388,0.01957098143435432,0.8881275338930853
14,0.1,0.02255074565180485,6.90103614740034e-05,0.020429686652212356,305.06666666666666,0.09398110542848961,0.001951662954205813,0.5253220207724852,0.0032074024265598055,2.3385656565656565,0.006084278625570741,1.6654710375065487,0.03467887199438504,0.6004307354975952
14,0.2,0.021351940148175538,3.693716805733149e-05,0.019355008479544366,233.43333333333334,0.0934933790804997,0.002228666120285792,0.3911225001177014,0.0034388589655453966,2.1699124579124582,0.0037503695944216455,2.924969483929701,0.047995844620623986,0.34188390870201435
14,0.3,0.020852655334044557,2.7347276473447754e-05,0.019055824824596803,311.0,0.08614552814447478,0.0018026092920648675,0.29370050374586654,0.002976671821514144,2.081198653198653,0.0025235648991395057,3.996090120613485,0.05204559349640981,0.2502446065571911
14,0.4,0.020670399485687472,1.8314639389845727e-05,0.018869211100651005,237.93333333333334,0.08711664896916962,0.0018082825142076966,0.23178462304236297,0.002085410125929828,2.031138047138047,0.0019561357314382896,4.971259231531805,0.0523657447508266,0.20115627719777304
14,0.5,0.020518869835427656,2.3740661965041098e-05,0.01872305967924432,248.36666666666667,0.08749506134004138,0.0019541229275421633,0.18219535484009167,0.0013180303864061542,1.994767676767677,0.001216885640020168,5.787182670054561,0.04480384621952403,0.17279565153082893
14,0.7,0.02045215016448321,2.395506879450743e-05,0.01866963866058545,249.63333333333333,0.08713344703556736,0.002258914753611613,0.1415669949015951,0.0011170959227271753,1.969791245791246,0.0007999552773769836,6.553090246887177,0.03809146291581947,0.15259976016277452
14,0.9,0.020385916601700426,2.05140991826558e-05,0.018599266648218774,297.6,0.08762356384505034,0.0024485780798765054,0.13091770779922282,0.0009446463158763181,1.963973063973064,0.0008105924819212617,6.676294369978049,0.054125444785051484,0.14978368906212383
14,1.0,0.02038918476721801,1.6723674893321424e-05,0.018710809135524427,260.1,0.0823004409617316,0.0012970904887636755,0.13382254079127076,0.0011361339432210754,1.9661818181818178,0.0011055601607044734,6.581720380309381,0.05027427861666327,0.15193595932633558
