p,realization,N,E,k_mean,C,L,lambda2
0.0,0,100,500,10.0,0.6666666666666665,5.454545454545454,0.21586328420955797
0.0,1,100,500,10.0,0.6666666666666665,5.454545454545454,0.21586328420955797
0.0,2,100,500,10.0,0.6666666666666665,5.454545454545454,0.21586328420955797
0.0,3,100,500,10.0,0.6666666666666665,5.454545454545454,0.21586328420955797
0.0,4,100,500,10.0,0.6666666666666665,5.454545454545454,0.21586328420955797
0.0,5,100,500,10.0,0.6666666666666665,5.454545454545454,0.21586328420955797
0.0,6,100,500,10.0,0.6666666666666665,5.454545454545454,0.21586328420955797
0.0,7,100,500,10.0,0.6666666666666665,5.454545454545454,0.21586328420955797
0.0,8,100,500,10.0,0.6666666666666665,5.454545454545454,0.21586328420955797
0.0,9,100,500,10.0,0.6666666666666665,5.454545454545454,0.21586328420955797
0.0,10,100,500,10.0,0.6666666666666665,5.454545454545454,0.21586328420955797
0.0,11,100,500,10.0,0.6666666666666665,5.454545454545454,0.21586328420955797
0.0,12,100,500,10.0,0.6666666666666665,5.454545454545454,0.21586328420955797
0.0,13,100,500,10.0,0.6666666666666665,5.454545454545454,0.21586328420955797
0.0,14,100,500,10.0,0.6666666666666665,5.454545454545454,0.21586328420955797
0.0,15,100,500,10.0,0.6666666666666665,5.454545454545454,0.21586328420955797
0.0,16,100,500,10.0,0.6666666666666665,5.454545454545454,0.21586328420955797
0.0,17,100,500,10.0,0.6666666666666665,5.454545454545454,0.21586328420955797
0.0,18,100,500,10.0,0.6666666666666665,5.454545454545454,0.21586328420955797
0.0,19,100,500,10.0,0.6666666666666665,5.454545454545454,0.21586328420955797
0.0,20,100,500,10.0,0.6666666666666665,5.454545454545454,0.21586328420955797
0.0,21,100,500,10.0,0.6666666666666665,5.454545454545454,0.21586328420955797
0.0,22,100,500,10.0,0.6666666666666665,5.454545454545454,0.21586328420955797
0.0,23,100,500,10.0,0.6666666666666665,5.454545454545454,0.21586328420955797
0.0,24,100,500,10.0,0.6666666666666665,5.454545454545454,0.21586328420955797
0.0,25,100,500,10.0,0.6666666666666665,5.454545454545454,0.21586328420955797
0.0,26,100,500,10.0,0.6666666666666665,5.454545454545454,0.21586328420955797
0.0,27,100,500,10.0,0.6666666666666665,5.454545454545454,0.21586328420955797
0.0,28,100,500,10.0,0.6666666666666665,5.454545454545454,0.21586328420955797
0.0,29,100,500,10.0,0.6666666666666665,5.454545454545454,0.21586328420955797
0.01,0,100,500,10.0,0.6556969696969697,4.439191919191919,0.22621618834745955
0.01,1,100,500,10.0,0.6440606060606061,3.995151515151515,0.26118400811085035
0.01,2,100,500,10.0,0.6273434343434343,3.34020202020202,0.40770937145072417
0.01,3,100,500,10.0,0.6406161616161615,3.6955555555555555,0.2662310894770179
0.01,4,100,500,10.0,0.643989898989899,3.9056565656565656,0.24881737140588536
0.01,5,100,500,10.0,0.6589090909090909,4.763636363636364,0.21533101093412294
0.01,6,100,500,10.0,0.6555454545454544,4.665252525252526,0.2210757009574427
0.01,7,100,500,10.0,0.6491818181818182,3.743838383838384,0.28512297460133407
0.01,8,100,500,10.0,0.6539242424242424,3.9167676767676767,0.272931498110356
0.01,9,100,500,10.0,0.6666666666666665,5.454545454545454,0.21586328420955797
0.01,10,100,500,10.0,0.6433297258297259,3.8175757575757574,0.2676020296133982
0.01,11,100,500,10.0,0.6440858585858585,3.7777777777777777,0.27799190982157096
0.01,12,100,500,10.0,0.6491212121212121,3.955151515151515,0.2590488057163187
0.01,13,100,500,10.0,0.6488427128427128,3.978181818181818,0.27911543232820946
0.01,14,100,500,10.0,0.6564747474747474,3.992121212121212,0.2586046512702469
0.01,15,100,500,10.0,0.6445728715728716,4.004646464646465,0.251233897204537
0.01,16,100,500,10.0,0.6603535353535354,4.901818181818181,0.21767724939353586
0.01,17,100,500,10.0,0.6475808080808081,3.7826262626262626,0.2931885007720322
0.01,18,100,500,10.0,0.6451464646464646,3.8537373737373737,0.2705971715291816
0.01,19,100,500,10.0,0.6512474747474748,3.736767676767677,0.28337925210914877
0.01,20,100,500,10.0,0.6504696969696969,3.8927272727272726,0.2637276705016473
0.01,21,100,500,10.0,0.6570252525252525,4.56929292929293,0.22589933772321763
0.01,22,100,500,10.0,0.6589090909090909,4.5593939393939396,0.2138085096282472
0.01,23,100,500,10.0,0.6399343434343434,3.6286868686868687,0.3059160125925895
0.01,24,100,500,10.0,0.6408636363636363,3.7058585858585857,0.30877794897273425
0.01,25,100,500,10.0,0.6368686868686868,3.5175757575757576,0.305809512293632
0.01,26,100,500,10.0,0.6503737373737374,3.7305050505050503,0.30203029151434746
0.01,27,100,500,10.0,0.6586818181818181,4.015151515151516,0.2532357318031659
0.01,28,100,500,10.0,0.6514769119769119,4.0052525252525255,0.24206512099831384
0.01,29,100,500,10.0,0.6524848484848484,4.0193939393939395,0.23884138867669333
0.03,0,100,500,10.0,0.6172828282828283,3.2864646464646463,0.37904749118475173
0.03,1,100,500,10.0,0.6317222222222223,3.4824242424242424,0.33321553305348117
0.03,2,100,500,10.0,0.6337070707070707,3.4690909090909092,0.3461277548166066
0.03,3,100,500,10.0,0.6077489177489178,3.0684848484848484,0.47139939167454215
0.03,4,100,500,10.0,0.5951421356421356,3.2614141414141415,0.34673167495560375
0.03,5,100,500,10.0,0.6372626262626262,3.6775757575757577,0.2702129647117991
0.03,6,100,500,10.0,0.6013181818181819,3.3430303030303032,0.3941622218659141
0.03,7,100,500,10.0,0.6313787878787879,3.6864646464646467,0.30150914039655907
0.03,8,100,500,10.0,0.6187575757575757,3.272727272727273,0.39680252829345647
0.03,9,100,500,10.0,0.6283160173160173,3.395757575757576,0.3115744979004867
0.03,10,100,500,10.0,0.6105656565656565,3.2175757575757578,0.3923347880954471
0.03,11,100,500,10.0,0.5931269841269841,3.0309090909090908,0.515450198575058
0.03,12,100,500,10.0,0.6202734487734487,3.402020202020202,0.36114334890294897
0.03,13,100,500,10.0,0.611040404040404,3.1872727272727275,0.3969829819596227
0.03,14,100,500,10.0,0.6161176046176046,3.30989898989899,0.373649352139909
0.03,15,100,500,10.0,0.626085137085137,3.375959595959596,0.36403717578941214
0.03,16,100,500,10.0,0.6273787878787879,3.5943434343434344,0.29883007248029314
0.03,17,100,500,10.0,0.6157092352092353,3.432929292929293,0.31768251563375693
0.03,18,100,500,10.0,0.6117424242424242,3.1991919191919194,0.4386122225156982
0.03,19,100,500,10.0,0.6153874458874459,3.153131313131313,0.4240583022837009
0.03,20,100,500,10.0,0.6182575757575758,3.378989898989899,0.3268605222430205
0.03,21,100,500,10.0,0.6022907647907647,3.159393939393939,0.40295056415962693
0.03,22,100,500,10.0,0.6510050505050505,4.056161616161616,0.23663458371784812
0.03,23,100,500,10.0,0.6197525252525252,3.5705050505050506,0.29814322288908857
0.03,24,100,500,10.0,0.6135606060606061,3.4044444444444446,0.3693380581802474
0.03,25,100,500,10.0,0.5961392496392497,3.1347474747474746,0.45369997341543405
0.03,26,100,500,10.0,0.6093196248196248,3.1234343434343432,0.4596308651887303
0.03,27,100,500,10.0,0.6116464646464647,3.2256565656565654,0.4210313767370522
0.03,28,100,500,10.0,0.614033189033189,3.318989898989899,0.3625232714984013
0.03,29,100,500,10.0,0.607459706959707,3.220808080808081,0.4470625572602118
0.05,0,100,500,10.0,0.5657640692640693,2.9452525252525255,0.6372726548297016
0.05,1,100,500,10.0,0.5984090909090909,3.1414141414141414,0.49772948288305474
0.05,2,100,500,10.0,0.575539516039516,2.8884848484848487,0.6205243816128415
0.05,3,100,500,10.0,0.5929848484848484,3.0591919191919192,0.4798640193195768
0.05,4,100,500,10.0,0.5435685425685426,2.9016161616161615,0.6100371597722238
0.05,5,100,500,10.0,0.6002792207792208,3.136767676767677,0.45300410494797017
0.05,6,100,500,10.0,0.5603001443001443,2.8656565656565656,0.7178999029098365
0.05,7,100,500,10.0,0.5603066378066378,2.9715151515151517,0.5175694128455244
0.05,8,100,500,10.0,0.5545606060606061,2.8135353535353533,0.7358632463802759
0.05,9,100,500,10.0,0.6022424242424242,3.1303030303030304,0.47175264860021604
0.05,10,100,500,10.0,0.5524494949494949,2.8624242424242423,0.6562038103553309
0.05,11,100,500,10.0,0.5524623154623155,2.9002020202020202,0.6316488330541465
0.05,12,100,500,10.0,0.5751733821733822,2.9668686868686867,0.5440154271893328
0.05,13,100,500,10.0,0.6064963924963925,3.2117171717171717,0.343738452719099
0.05,14,100,500,10.0,0.6011031746031746,3.041818181818182,0.48110339242499467
0.05,15,100,500,10.0,0.5783434343434343,2.8905050505050505,0.602258740348494
0.05,16,100,500,10.0,0.5747097902097902,3.0521212121212122,0.4290486841931946
0.05,17,100,500,10.0,0.5578455988455988,2.8985858585858586,0.6279888884696472
0.05,18,100,500,10.0,0.555481240981241,2.911919191919192,0.6648241926260876
0.05,19,100,500,10.0,0.5912344877344877,3.038181818181818,0.47813094440827214
0.05,20,100,500,10.0,0.5730685425685426,2.9014141414141412,0.6119932126033817
0.05,21,100,500,10.0,0.5681046176046176,3.0632323232323233,0.427930763043331
0.05,22,100,500,10.0,0.5458515928515929,2.9163636363636365,0.6378898174270995
0.05,23,100,500,10.0,0.5742164502164502,2.971919191919192,0.6248153244439971
0.05,24,100,500,10.0,0.5829675324675325,3.0327272727272727,0.5235524998202613
0.05,25,100,500,10.0,0.577590909090909,2.953939393939394,0.5645797749974044
0.05,26,100,500,10.0,0.5633607503607504,2.847676767676768,0.7062590378028093
0.05,27,100,500,10.0,0.5595064935064935,3.0428282828282827,0.49655367735403944
0.05,28,100,500,10.0,0.5802272727272727,3.1280808080808082,0.4478270420380711
0.05,29,100,500,10.0,0.5886060606060606,3.0765656565656565,0.4813252083615652
0.1,0,100,500,10.0,0.4884596514596515,2.6907070707070706,0.982867060446133
0.1,1,100,500,10.0,0.4706851481851482,2.584040404040404,1.2424391645041384
0.1,2,100,500,10.0,0.4909632034632035,2.6880808080808083,0.9920744301085835
0.1,3,100,500,10.0,0.4879157509157509,2.7018181818181817,0.8551665429334865
0.1,4,100,500,10.0,0.5157056277056278,2.751313131313131,0.8097567705091921
0.1,5,100,500,10.0,0.5077748917748918,2.714141414141414,0.8823958114613717
0.1,6,100,500,10.0,0.5000007770007769,2.6872727272727275,1.0307102567715878
0.1,7,100,500,10.0,0.5322894327894327,2.745050505050505,0.8522010110034364
0.1,8,100,500,10.0,0.5279305694305695,2.7707070707070707,0.8378716871760049
0.1,9,100,500,10.0,0.5037669552669553,2.698989898989899,0.9888750121872618
0.1,10,100,500,10.0,0.49567748917748916,2.6880808080808083,0.9904191784869756
0.1,11,100,500,10.0,0.5203355533355534,2.7959595959595958,0.7460401865783624
0.1,12,100,500,10.0,0.4501010101010101,2.637171717171717,0.9922409827111296
0.1,13,100,500,10.0,0.5162311577311577,2.717979797979798,0.9889942481289935
0.1,14,100,500,10.0,0.5237385392385392,2.75979797979798,0.7800964854377352
0.1,15,100,500,10.0,0.46581024531024534,2.658989898989899,0.9358281770977984
0.1,16,100,500,10.0,0.5022812742812743,2.6907070707070706,0.8392353120654008
0.1,17,100,500,10.0,0.4659202464202464,2.6317171717171717,1.1311916744370714
0.1,18,100,500,10.0,0.5238903318903319,2.757575757575758,0.8302552512787524
0.1,19,100,500,10.0,0.5204796314796315,2.7343434343434345,0.8779687621984991
0.1,20,100,500,10.0,0.5163131868131868,2.707070707070707,0.9752564474868644
0.1,21,100,500,10.0,0.4977316017316017,2.705656565656566,0.9896802396430644
0.1,22,100,500,10.0,0.5047973137973137,2.722828282828283,0.8618401792763224
0.1,23,100,500,10.0,0.503018759018759,2.668888888888889,0.9280516692855543
0.1,24,100,500,10.0,0.4900139305139305,2.694949494949495,0.811654549964201
0.1,25,100,500,10.0,0.5459271284271284,2.7624242424242422,0.8755181659054765
0.1,26,100,500,10.0,0.507536186036186,2.7222222222222223,0.783789183694093
0.1,27,100,500,10.0,0.5154649794649795,2.715757575757576,0.9153299173065784
0.1,28,100,500,10.0,0.4972056277056277,2.664242424242424,0.8882465763289643
0.1,29,100,500,10.0,0.5082537462537462,2.667878787878788,0.8703580832718151
0.2,0,100,500,10.0,0.3756075591075591,2.494949494949495,1.4564964595069556
0.2,1,100,500,10.0,0.40260372960372964,2.5286868686868686,1.1708723065235742
0.2,2,100,500,10.0,0.38203851703851704,2.475151515151515,1.5532116951532673
0.2,3,100,500,10.0,0.3719939504939505,2.462222222222222,1.5815581783027826
0.2,4,100,500,10.0,0.3881978576978577,2.5365656565656565,1.3255821781777213
0.2,5,100,500,10.0,0.4197423687423687,2.513939393939394,1.435503286492925
0.2,6,100,500,10.0,0.3874072594072594,2.490707070707071,1.667185825051815
0.2,7,100,500,10.0,0.3643836718836719,2.478181818181818,1.7629793932382487
0.2,8,100,500,10.0,0.3713897213897214,2.464848484848485,1.6114603011787092
0.2,9,100,500,10.0,0.4181653346653346,2.512929292929293,1.5127920000941917
0.2,10,100,500,10.0,0.3444295704295704,2.443030303030303,1.9411193212019604
0.2,11,100,500,10.0,0.3697531912531912,2.4696969696969697,1.761918642326281
0.2,12,100,500,10.0,0.3692969252969253,2.461010101010101,1.4941365477949042
0.2,13,100,500,10.0,0.3329255189255189,2.443030303030303,1.728279636058327
0.2,14,100,500,10.0,0.3572106782106782,2.4668686868686867,1.568076004875815
0.2,15,100,500,10.0,0.3599542124542125,2.463030303030303,1.7778642140982552
0.2,16,100,500,10.0,0.33405805305805303,2.4317171717171715,1.7664466424312555
0.2,17,100,500,10.0,0.3258264513264513,2.4343434343434343,1.9228121760436738
0.2,18,100,500,10.0,0.3842259962259962,2.5032323232323233,1.5860523088229
0.2,19,100,500,10.0,0.3684478854478854,2.470707070707071,1.4360959821581145
0.2,20,100,500,10.0,0.3970828060828061,2.497777777777778,1.5270133298758475
0.2,21,100,500,10.0,0.3689678654678654,2.4672727272727273,1.6128586787895942
0.2,22,100,500,10.0,0.3914461649461649,2.5090909090909093,1.2759079216980116
0.2,23,100,500,10.0,0.34135847485847487,2.425050505050505,1.925608084849387
0.2,24,100,500,10.0,0.35493734043734043,2.4553535353535354,1.818061002513962
0.2,25,100,500,10.0,0.3537531912531912,2.4593939393939395,1.6877228428309086
0.2,26,100,500,10.0,0.36715595515595517,2.4517171717171715,1.655208727151253
0.2,27,100,500,10.0,0.3676532356532356,2.4608080808080808,1.5745944968015935
0.2,28,100,500,10.0,0.3447953157953158,2.436969696969697,1.7907652394086706
0.2,29,100,500,10.0,0.3966016761016761,2.498787878787879,1.5890581778080133
0.3,0,100,500,10.0,0.2831329226329226,2.371111111111111,2.21083390405228
0.3,1,100,500,10.0,0.2663203463203463,2.3585858585858586,2.4583314769656774
0.3,2,100,500,10.0,0.24182350982350984,2.3426262626262626,2.485277241625816
0.3,3,100,500,10.0,0.27357326007326005,2.3701010101010103,2.181991982593843
0.3,4,100,500,10.0,0.236018093018093,2.3404040404040405,2.4709775326483867
0.3,5,100,500,10.0,0.2555785880785881,2.348888888888889,2.3812160084153833
0.3,6,100,500,10.0,0.29430097680097683,2.4046464646464645,1.8984142669923947
0.3,7,100,500,10.0,0.24647147297147295,2.3294949494949493,2.702978054487214
0.3,8,100,500,10.0,0.2446405816405816,2.3478787878787877,2.5324700090700527
0.3,9,100,500,10.0,0.25409046509046507,2.349090909090909,2.442046636809439
0.3,10,100,500,10.0,0.26698001998001997,2.363232323232323,2.3956843423953322
0.3,11,100,500,10.0,0.3027826062826063,2.3953535353535353,1.8863761181522412
0.3,12,100,500,10.0,0.2906154956154956,2.390707070707071,1.8835967239491778
0.3,13,100,500,10.0,0.24094610944610945,2.330909090909091,2.7591799579563867
0.3,14,100,500,10.0,0.2508447663447663,2.345050505050505,2.4560588433106108
0.3,15,100,500,10.0,0.24201898101898103,2.3442424242424242,2.555173563309071
0.3,16,100,500,10.0,0.2421018426018426,2.342828282828283,2.3979576327308307
0.3,17,100,500,10.0,0.2765772560772561,2.3735353535353534,2.2825915463932236
0.3,18,100,500,10.0,0.3141999666999667,2.422020202020202,1.9907813784292019
0.3,19,100,500,10.0,0.2785667665667666,2.355959595959596,2.3839723965519557
0.3,20,100,500,10.0,0.24384032634032632,2.36,2.373685927429406
0.3,21,100,500,10.0,0.28626215451215453,2.384040404040404,2.0868050094711847
0.3,22,100,500,10.0,0.27388938838938837,2.3692929292929295,2.3173870310415516
0.3,23,100,500,10.0,0.29583100233100235,2.3824242424242423,2.22244869868109
0.3,24,100,500,10.0,0.2708137418137418,2.377979797979798,2.007434983404587
0.3,25,100,500,10.0,0.2780983460983461,2.3555555555555556,2.388935260150254
0.3,26,100,500,10.0,0.24959895659895662,2.345858585858586,2.718861130646115
0.3,27,100,500,10.0,0.24553912753912754,2.3353535353535353,2.502092848890977
0.3,28,100,500,10.0,0.2654335109335109,2.3755555555555556,2.5394697762393106
0.3,29,100,500,10.0,0.2878674381174381,2.3604040404040405,2.3373576520614248
0.4,0,100,500,10.0,0.19798901098901098,2.3008080808080806,3.004867701126159
0.4,1,100,500,10.0,0.19514230214230213,2.3022222222222224,2.899887373898112
0.4,2,100,500,10.0,0.1789000444000444,2.3064646464646463,2.904649376838346
0.4,3,100,500,10.0,0.18499328449328448,2.3064646464646463,2.7220578327997256
0.4,4,100,500,10.0,0.19787232212232211,2.297979797979798,2.9919974594602965
0.4,5,100,500,10.0,0.20606759906759906,2.315151515151515,2.629282322320501
0.4,6,100,500,10.0,0.1910195915195915,2.2959595959595958,2.9622313245065004
0.4,7,100,500,10.0,0.20235864135864137,2.308686868686869,3.0255603497396475
0.4,8,100,500,10.0,0.1855120435120435,2.296161616161616,3.1009881835708195
0.4,9,100,500,10.0,0.19443700743700745,2.3052525252525253,2.975753947113901
0.4,10,100,500,10.0,0.1805926295926296,2.297171717171717,2.7650509185157586
0.4,11,100,500,10.0,0.2120179526355997,2.3070707070707073,2.8798214931762436
0.4,12,100,500,10.0,0.21227389277389277,2.3125252525252527,2.7480450124053046
0.4,13,100,500,10.0,0.22925063825063824,2.3305050505050504,2.7155040917033673
0.4,14,100,500,10.0,0.214517649017649,2.3062626262626265,2.8144563398255755
0.4,15,100,500,10.0,0.17668102159278629,2.2892929292929294,2.819852530929798
0.4,16,100,500,10.0,0.20446652856946976,2.3006060606060608,2.9528182525008226
0.4,17,100,500,10.0,0.1956438283938284,2.3008080808080806,3.0663180585126892
0.4,18,100,500,10.0,0.22181940281940282,2.322828282828283,2.717251627709473
0.4,19,100,500,10.0,0.2145851370851371,2.310909090909091,2.8239322951679564
0.4,20,100,500,10.0,0.20406593406593404,2.3175757575757574,3.1196774362505626
0.4,21,100,500,10.0,0.2034020979020979,2.299191919191919,2.9886753203122294
0.4,22,100,500,10.0,0.18895732045732047,2.2953535353535353,2.935276530359705
0.4,23,100,500,10.0,0.21122385947385947,2.303030303030303,3.0590135447380113
0.4,24,100,500,10.0,0.1804583472083472,2.293939393939394,3.240100507955198
0.4,25,100,500,10.0,0.20314396714396715,2.32,2.9340658167007527
0.4,26,100,500,10.0,0.1982340437340437,2.3119191919191917,2.6868394139256786
0.4,27,100,500,10.0,0.16305599955599956,2.2826262626262626,2.9175651802126
0.4,28,100,500,10.0,0.19243894993894994,2.3004040404040405,2.9551662305955535
0.4,29,100,500,10.0,0.20657486957486956,2.307878787878788,2.986038574122386
0.5,0,100,500,10.0,0.1457823842823843,2.2624242424242422,3.551119890842984
0.5,1,100,500,10.0,0.14142907092907092,2.2626262626262625,3.3379160630664786
0.5,2,100,500,10.0,0.14947818847818847,2.266868686868687,3.4370935071624102
0.5,3,100,500,10.0,0.16444361194361193,2.2682828282828282,3.3550903006022814
0.5,4,100,500,10.0,0.15387240537240537,2.2666666666666666,3.386076089970228
0.5,5,100,500,10.0,0.14600507825507825,2.2583838383838386,3.686069858416374
0.5,6,100,500,10.0,0.1514204684204684,2.2743434343434346,3.303032048145197
0.5,7,100,500,10.0,0.15385707593060535,2.265050505050505,3.4297865809186376
0.5,8,100,500,10.0,0.1591427183927184,2.2892929292929294,3.1571328027476735
0.5,9,100,500,10.0,0.14740886890886892,2.264040404040404,3.50845947367991
0.5,10,100,500,10.0,0.15618104118104117,2.2606060606060607,3.1523216432789813
0.5,11,100,500,10.0,0.13990881340881342,2.2608080808080806,3.515428833167718
0.5,12,100,500,10.0,0.15443045843045844,2.2616161616161614,3.531520051545797
0.5,13,100,500,10.0,0.11283308358308358,2.2404040404040404,3.9420870323955146
0.5,14,100,500,10.0,0.12927705627705627,2.2563636363636363,3.7170850987508888
0.5,15,100,500,10.0,0.16157559107559108,2.2626262626262625,3.3497638353445365
0.5,16,100,500,10.0,0.16023700482524014,2.2755555555555556,3.455187918951132
0.5,17,100,500,10.0,0.14538283938283939,2.2711111111111113,3.4100130867061074
0.5,18,100,500,10.0,0.15671110262286733,2.26989898989899,3.2537100572088717
0.5,19,100,500,10.0,0.14474808524808525,2.258989898989899,3.715703017605592
0.5,20,100,500,10.0,0.13992568542568543,2.2608080808080806,3.643061007919636
0.5,21,100,500,10.0,0.16161515445338975,2.2795959595959596,3.186845776011701
0.5,22,100,500,10.0,0.163507548007548,2.271919191919192,3.5057771158152597
0.5,23,100,500,10.0,0.1436710805534335,2.2593939393939393,3.176806710276473
0.5,24,100,500,10.0,0.17886485736485735,2.2848484848484847,3.367716360508621
0.5,25,100,500,10.0,0.1529987234987235,2.256161616161616,3.515301295963387
0.5,26,100,500,10.0,0.1435954600954601,2.2543434343434345,3.4986924790620617
0.5,27,100,500,10.0,0.14471628371628373,2.2624242424242422,3.4573080849401943
0.5,28,100,500,10.0,0.15899694749694748,2.265050505050505,3.415398265407844
0.5,29,100,500,10.0,0.15233007025654083,2.263232323232323,3.1816076384917356
0.6,0,100,500,10.0,0.12173026973026974,2.2426262626262625,3.7007159851388156
0.6,1,100,500,10.0,0.12855931323578382,2.2436363636363637,3.560894319117689
0.6,2,100,500,10.0,0.13287806637806637,2.246868686868687,3.5444762483755294
0.6,3,100,500,10.0,0.10972499722499723,2.253939393939394,3.608140189110438
0.6,4,100,500,10.0,0.12574279315455786,2.2373737373737375,3.930513185091337
0.6,5,100,500,10.0,0.10425976800976802,2.2395959595959596,4.040300293118123
0.6,6,100,500,10.0,0.1157054057054057,2.2387878787878788,3.8636432743101667
0.6,7,100,500,10.0,0.13378615828615828,2.2444444444444445,3.972709823698182
0.6,8,100,500,10.0,0.11947064047064046,2.2347474747474747,3.933813425710391
0.6,9,100,500,10.0,0.12385714285714286,2.242020202020202,3.6409728301399045
0.6,10,100,500,10.0,0.10456759906759906,2.2355555555555555,3.80828436642239
0.6,11,100,500,10.0,0.12487667887667887,2.231919191919192,3.7520440459019344
0.6,12,100,500,10.0,0.12425047175047174,2.249090909090909,3.845815024429256
0.6,13,100,500,10.0,0.12451506826506825,2.242828282828283,3.649977948957111
0.6,14,100,500,10.0,0.11649647574647574,2.243232323232323,3.7007437260499576
0.6,15,100,500,10.0,0.11338622488622489,2.235757575757576,3.6834365980063817
0.6,16,100,500,10.0,0.11613891663891664,2.2347474747474747,3.7551858568683754
0.6,17,100,500,10.0,0.1230179265179265,2.2462626262626264,3.692265775008988
0.6,18,100,500,10.0,0.12198376623376622,2.2456565656565655,3.7465713344429514
0.6,19,100,500,10.0,0.12740345765345765,2.255353535353535,3.4293148793508528
0.6,20,100,500,10.0,0.12365379065379065,2.2448484848484846,3.6139988875585884
0.6,21,100,500,10.0,0.14111724386724386,2.256767676767677,3.2232760877112288
0.6,22,100,500,10.0,0.12134032634032633,2.2458585858585858,3.8010271215919835
0.6,23,100,500,10.0,0.124254329004329,2.242020202020202,3.561772228770407
0.6,24,100,500,10.0,0.11662143412143411,2.2311111111111113,4.008446431585489
0.6,25,100,500,10.0,0.11356243756243757,2.2452525252525253,3.635159013010067
0.6,26,100,500,10.0,0.11341075754311047,2.2347474747474747,3.53243051792842
0.6,27,100,500,10.0,0.11252299334652277,2.230909090909091,3.883533566744211
0.6,28,100,500,10.0,0.13334959484959485,2.2448484848484846,3.7943361552505324
0.6,29,100,500,10.0,0.11248268398268398,2.2347474747474747,3.64113232930296
0.8,0,100,500,10.0,0.08519810744810745,2.2325252525252526,3.5400948358774573
0.8,1,100,500,10.0,0.09454828504828505,2.2193939393939393,4.079607883267251
0.8,2,100,500,10.0,0.10444797600060758,2.2274747474747474,3.7928882590657014
0.8,3,100,500,10.0,0.0942743106566636,2.216767676767677,3.9574038752470813
0.8,4,100,500,10.0,0.09506901431901431,2.223838383838384,3.819848612049532
0.8,5,100,500,10.0,0.10448983206336146,2.2226262626262625,3.7232441434095254
0.8,6,100,500,10.0,0.08221250971250971,2.208282828282828,4.348671769150108
0.8,7,100,500,10.0,0.09181673881673882,2.2206060606060607,3.869841639148005
0.8,8,100,500,10.0,0.09858991008991008,2.2248484848484846,3.799979156799178
0.8,9,100,500,10.0,0.10453751803751804,2.2418181818181817,3.6615515868570476
0.8,10,100,500,10.0,0.10693095793095793,2.2252525252525253,4.005975850341566
0.8,11,100,500,10.0,0.09765911865911865,2.2276767676767677,3.865435431457955
0.8,12,100,500,10.0,0.10454650904650904,2.2276767676767677,3.625378672077182
0.8,13,100,500,10.0,0.09921032725444491,2.2288888888888887,3.8266350231691213
0.8,14,100,500,10.0,0.10171875346875346,2.216161616161616,3.8790092899434008
0.8,15,100,500,10.0,0.09970868020868022,2.218989898989899,3.753102449403776
0.8,16,100,500,10.0,0.07730705405705406,2.226060606060606,3.9957838946095254
0.8,17,100,500,10.0,0.1055252904989747,2.2284848484848485,3.759231123858519
0.8,18,100,500,10.0,0.10187384837384837,2.226868686868687,3.7688654067493577
0.8,19,100,500,10.0,0.09717273412861648,2.228080808080808,4.081285307948949
0.8,20,100,500,10.0,0.10447481276893042,2.231313131313131,3.962182333181942
0.8,21,100,500,10.0,0.08612309912309912,2.2214141414141415,3.9777735079055607
0.8,22,100,500,10.0,0.09199583912819208,2.235353535353535,3.9073608619396776
0.8,23,100,500,10.0,0.09036574536574536,2.217979797979798,3.9501757324284448
0.8,24,100,500,10.0,0.08904895104895104,2.222020202020202,3.889380341325717
0.8,25,100,500,10.0,0.1012151737151737,2.23010101010101,3.7129489647210714
0.8,26,100,500,10.0,0.07875985125985126,2.2266666666666666,3.9339758316499456
0.8,27,100,500,10.0,0.09253943278943279,2.222828282828283,4.0541566994209575
0.8,28,100,500,10.0,0.0872133422133422,2.22,4.058549878426696
0.8,29,100,500,10.0,0.08987451437451437,2.2266666666666666,3.9733266405240264
1.0,0,100,500,10.0,0.09522677322677323,2.2248484848484846,3.7697261525022014
1.0,1,100,500,10.0,0.08263015415956593,2.2165656565656566,3.841792104466637
1.0,2,100,500,10.0,0.08984249084249084,2.2151515151515153,3.9282006836536105
1.0,3,100,500,10.0,0.09350119488354781,2.2165656565656566,3.9929168298189994
1.0,4,100,500,10.0,0.09313625263625264,2.217171717171717,4.008597157623396
1.0,5,100,500,10.0,0.08963292263292263,2.218989898989899,3.7828677001789344
1.0,6,100,500,10.0,0.08377145077145076,2.213939393939394,4.104330274507922
1.0,7,100,500,10.0,0.09285431235431235,2.215353535353535,3.814412052696572
1.0,8,100,500,10.0,0.09517432567432568,2.2195959595959596,4.117779168621618
1.0,9,100,500,10.0,0.08307392607392608,2.2187878787878788,3.6992144605377826
1.0,10,100,500,10.0,0.08477458652458653,2.216767676767677,3.910442964137581
1.0,11,100,500,10.0,0.08861776132364367,2.2337373737373736,3.755730652329085
1.0,12,100,500,10.0,0.0898954933954934,2.2240404040404043,4.065703327723915
1.0,13,100,500,10.0,0.0904462481962482,2.220808080808081,3.9366850390909445
1.0,14,100,500,10.0,0.09180450105450105,2.213939393939394,3.897922248083995
1.0,15,100,500,10.0,0.09252007143183613,2.216969696969697,3.937138624294765
1.0,16,100,500,10.0,0.0881024531024531,2.2258585858585858,3.7962017813637767
1.0,17,100,500,10.0,0.1011061536502713,2.2303030303030305,3.7817721694148307
1.0,18,100,500,10.0,0.09534095642919173,2.2135353535353537,4.207058275311723
1.0,19,100,500,10.0,0.07921259296259296,2.221212121212121,3.842130587425389
1.0,20,100,500,10.0,0.0855484792984793,2.2123232323232322,3.736977442659061
1.0,21,100,500,10.0,0.09150899100899101,2.2234343434343433,4.06818035883598
1.0,22,100,500,10.0,0.10436659247185563,2.23010101010101,3.6979710792698746
1.0,23,100,500,10.0,0.08328056257468022,2.2214141414141415,4.147183635095956
1.0,24,100,500,10.0,0.09073939948939948,2.2274747474747474,3.9815701848682448
1.0,25,100,500,10.0,0.09611290833349656,2.2252525252525253,3.853151547038299
1.0,26,100,500,10.0,0.09112526843641394,2.2206060606060607,3.704934282101852
1.0,27,100,500,10.0,0.0810141525141525,2.2214141414141415,3.912173884229922
1.0,28,100,500,10.0,0.09001532239690134,2.2232323232323234,3.6157579383300504
1.0,29,100,500,10.0,0.08505491730491731,2.2187878787878788,4.012234322861148
