k,p,lambda2_mean,lambda2_sem,clustering_mean,clustering_sem,pathlen_mean,pathlen_sem,degvar_mean,degvar_sem,delta_mean,delta_sem,tstar_mean,tstar_sem,plateau_mean,plateau_sem
4,0.0,0.019717140514500874,7.959457186074219e-19,0.5,0.0,12.878787878787879,0.0,0.0,0.0,0.6535626187991193,0.00744523783619272,5.3,0.3086473033978052,0.10105086834964375,0.0023612439796868163
4,0.01,0.02166572894470504,0.0010530063585364824,0.4910500000000001,0.001928589916059786,11.112020202020203,0.3675550816330118,0.026000000000000002,0.005821918656431509,0.6069531801422019,0.016866620189543085,6.3,0.3410510071436298,0.09165272977800104,0.004693704814668351
4,0.03,0.044226625618398095,0.0041424702582260825,0.45765,0.004037867177734952,7.379050505050506,0.28198383089737106,0.12200000000000003,0.01045290188869755,0.43200607245347167,0.022012320144958197,6.85,0.9848189788243479,0.06259455148069007,0.0032912867862039084
4,0.05,0.06506444276117207,0.00557260897020735,0.43905476190476184,0.004446008567562375,6.372929292929293,0.14390121246677887,0.17900000000000005,0.012771267092888425,0.3622268053954835,0.018634841319677693,16.55,9.769306121995724,0.053758805232620575,0.0015463659811242785
4,0.1,0.11462838472392387,0.006439002785316557,0.3675428571428571,0.0052665454309014465,4.990393939393939,0.05604703481962578,0.4160000000000001,0.01867167852517198,0.20073903626954887,0.010391047964472173,97.1,35.995533348634126,0.03973546488983911,0.0006684381564789537
4,0.2,0.21799535222187144,0.009031268016276918,0.2831166666666666,0.004837466256501466,4.241606060606061,0.031169282439301456,0.743,0.02568124443615366,0.14587427235643627,0.007061078376601707,253.45,38.166634298614944,0.032873811654790225,0.00034910920112191064
4,0.3,0.3233200622471576,0.014485331976879297,0.18982976190476192,0.00495334699796785,3.831707070707071,0.018047304859166485,1.051,0.026416701256272667,0.1266880060521201,0.004208150409871854,249.9,29.035450201797325,0.02881210881256453,0.0001574723695336435
4,0.4,0.4516041369166201,0.0152280513184188,0.12674761904761905,0.004960450878740382,3.6664040404040406,0.015080422259803208,1.251,0.03504808726667735,0.1300028257551503,0.004334389481669022,209.4,27.68311284595909,0.027508303594332723,0.00016366888560326293
4,0.5,0.5051304999507233,0.013150651459884661,0.09361309523809523,0.004438117284207102,3.5676161616161615,0.010097108230965471,1.54,0.04182671017675819,0.12445427877570721,0.003628813862736374,186.65,35.06342186141534,0.026619316292219364,8.976667736782541e-05
4,0.7,0.5731444841951735,0.011387273084474908,0.04406944444444444,0.004021771157919715,3.4638787878787882,0.008011017067781465,1.859,0.05569607375371218,0.11653318522228824,0.0032025441093318156,221.9,25.84069617768392,0.02589447547726419,7.002776765291163e-05
4,0.9,0.5750973748797239,0.008437208858600479,0.03615277777777778,0.0033875256676689806,3.4456666666666664,0.005766820133936153,2.049,0.05314280661328344,0.11841557529276947,0.003195890887905361,251.6,33.11609562544601,0.025750466590427706,4.801811286253566e-05
4,1.0,0.5916550484219227,0.008486525300682442,0.03141031746031746,0.0021883027958945725,3.451020202020202,0.0052477276375991625,1.9119999999999997,0.03987876364023444,0.11292840058848803,0.003410785302838579,292.35,35.38601232720426,0.025697729571313544,9.00858530777968e-05
6,0.0,0.055142639057128816,1.5918914372148438e-18,0.5999999999999999,2.54702629954375e-17,8.757575757575756,4.07524207927e-16,0.0,0.0,0.540854732936248,0.008782305476724888,7.15,0.4488288854575345,0.06671344368948437,0.0012127146594099615
6,0.01,0.06964701417792901,0.004194456465456029,0.582770238095238,0.002431478477189141,6.43569696969697,0.17173016562777096,0.06500000000000002,0.007521897856819186,0.413999140477262,0.017186999309136537,9.2,1.0750764966662654,0.053087631703405434,0.0013704652663764363
6,0.03,0.12367829686599985,0.007701872725112287,0.5524416666666665,0.0026815828101524283,4.903777777777778,0.09058405369820349,0.168,0.010896643616511607,0.2490158184170796,0.01431766433840944,24.05,13.527452594047796,0.04101689144920656,0.0008069815403818513
6,0.05,0.16103523942713216,0.010019717231797997,0.5239853174603175,0.0059886458984974664,4.460909090909091,0.09950350057841237,0.256,0.0164540828399903,0.22470824145893675,0.016853159592480516,70.75,23.905722173395617,0.037357385527665,0.000860099094907847
6,0.1,0.32735141612504864,0.013616350886174713,0.44684484126984125,0.006285839030131637,3.651464646464646,0.03901020556060512,0.5660000000000001,0.028584132514018108,0.1459764541125717,0.0074820795147803425,202.2,37.86879009366282,0.030176928365073363,0.0004136552183479801
6,0.2,0.6347314715596193,0.022237240085385163,0.3343896825396825,0.005749427006947989,3.201373737373738,0.017471238350482005,1.0459999999999998,0.04057741139833188,0.13099914875940746,0.0038559909041868314,264.9,32.38769259423937,0.02619400496640493,0.00015190673000972933
6,0.3,0.9352150923170315,0.016512795660948557,0.2277484126984127,0.004668869441415337,2.966292929292929,0.008861058784812357,1.552,0.05633359285728655,0.11777576972818662,0.004060517179617861,224.35,25.067306764410343,0.024112131101612432,7.151732018685121e-05
6,0.4,1.1614132851417656,0.027056045938566455,0.15873679376179375,0.004780997702543662,2.8581414141414143,0.006869743797094472,1.9920000000000002,0.0622626017682153,0.11591189994238542,0.0032470977491876442,246.0,40.7417411714842,0.023303233102812713,6.094396941968675e-05
6,0.5,1.3771405172355475,0.02110799156025821,0.11003531746031747,0.0032951193711216716,2.7951010101010096,0.0035954301648980337,2.1799999999999997,0.05843574969233528,0.11091090538617661,0.003686792721081313,242.1,29.563393082092517,0.022899491995836328,4.098201245568852e-05
6,0.7,1.5144571612630446,0.017351611050516955,0.06606753801753801,0.002716408888594574,2.7414343434343436,0.0027993469292466543,2.691,0.08937767294493984,0.10787425530458099,0.0043340566771249015,226.6,37.949232014973845,0.022661706515797356,6.010534377570932e-05
6,0.9,1.5545172259590738,0.01581434990472649,0.04783194305694306,0.002387031321467312,2.729292929292929,0.0024651431855808635,2.7479999999999998,0.07746510249953303,0.10563748155955348,0.0029499672650335888,258.5,34.25004802147997,0.022513799896503234,3.26225586455232e-05
6,1.0,1.57051066889699,0.021623244496095487,0.04922202242202242,0.0019394413482106603,2.7238484848484847,0.0027236463574499548,3.0140000000000002,0.10198142245681704,0.10268915215905801,0.0029305632832114935,223.4,32.34366447357113,0.022519064496785764,3.958007056713181e-05
8,0.0,0.11797631679985265,0.0,0.6428571428571428,2.54702629954375e-17,6.696969696969698,2.037621039635e-16,0.0,0.0,0.39690606806417367,0.014070143569613865,8.75,0.8610733815541232,0.046735881177819856,0.0008633897827776614
8,0.01,0.1416925581253509,0.004874524949881015,0.626040873015873,0.0017264160037618723,4.958818181818183,0.10537342026428703,0.08000000000000002,0.008078561622884166,0.3078050547121706,0.011851099749814901,8.9,1.6636991124725964,0.040843828778727956,0.000581853636755996
8,0.03,0.24279447109775373,0.01403729595535567,0.5828626984126984,0.0049982351946394775,3.829919191919191,0.05863234860038136,0.257,0.015578325023131202,0.19192017576116718,0.010899887315822409,116.9,39.594051919049924,0.03285183899751498,0.0005157347034845191
8,0.05,0.33680542636625177,0.01664552187389963,0.5564253968253968,0.004674803139689366,3.4701313131313127,0.039600419290672116,0.366,0.017597846758234822,0.15665362204211286,0.00669932968220434,137.05,31.4649742612823,0.030410203661985206,0.0004239899760563568
8,0.1,0.6162930952534723,0.026934587623763804,0.48089509379509376,0.006361165372169414,3.046111111111111,0.026046960870192846,0.779,0.03625857430355357,0.13779067243443627,0.0067676905824748034,203.3,35.34581788706074,0.026611618682972356,0.0002696474940540386
8,0.2,1.1171349352143305,0.03134964928162565,0.3536207736707737,0.00578694533029361,2.7295555555555553,0.009985367800890136,1.4590000000000003,0.04531701202580956,0.11763458093571448,0.003998837972181213,290.85,29.131577639899174,0.023666715750401756,9.333224641355713e-05
8,0.3,1.5251340842230081,0.027505351887268915,0.259434521034521,0.004112928207517126,2.5971414141414138,0.005966940121986018,2.0149999999999997,0.07678918509379053,0.11329102050952633,0.0027309594496561784,251.25,32.55302354782522,0.022609693025831837,7.133591032047301e-05
8,0.4,1.9913108279231584,0.037444002531502395,0.1890088494838495,0.004525050242815609,2.514080808080808,0.0042461718593343025,2.573,0.08086733775628743,0.10948039875577809,0.0032670659183974397,298.4,27.428797774755296,0.022040676099942168,3.785094263255918e-05
8,0.5,2.3262595626739393,0.04180662150879572,0.13484976967476967,0.003049734122400542,2.461848484848485,0.0023836885760152937,2.9330000000000003,0.09806845085261405,0.11166751223899676,0.0033659261046282995,295.2,31.419705516392767,0.02175553558920346,4.105726311096224e-05
8,0.7,2.6753146389597386,0.020736631614394242,0.08037632408441231,0.0017566629866876825,2.4209191919191917,0.0014518016385443805,3.4910000000000005,0.12016195211813971,0.10619286796756984,0.0030167270355372106,267.0,32.743179281702076,0.021491560714513747,3.012278326303476e-05
8,0.9,2.637069807911353,0.020692023107524507,0.07275299422799422,0.0015650598750056792,2.4171111111111108,0.001255651121665226,3.9769999999999994,0.11784266942343977,0.10651503374194496,0.0035912670177886312,210.85,28.07445692402521,0.021414100117998703,3.0348310438698448e-05
8,1.0,2.6981864920970375,0.015216821544239869,0.0708186289200995,0.0017869159770807076,2.416929292929293,0.001509690673048199,3.78,0.1191107401582772,0.10829462173416089,0.002573545178237952,217.25,31.544194144256185,0.021521472051438905,2.836457201837941e-05
10,0.0,0.21586328420955794,6.367565748859375e-18,0.6666666666666664,2.54702629954375e-17,5.454545454545454,0.0,0.0,0.0,0.27632685095456916,0.013236075593559988,10.4,1.1616684915286832,0.03661175844674093,0.00041648324659863804
10,0.01,0.2683592319573428,0.009712086359076662,0.6446839105339104,0.002089452824780605,3.9453535353535356,0.08176832250604452,0.11200000000000002,0.009558683018733886,0.22722804799154678,0.010697294811916544,60.75,27.314433720538382,0.033251966620305766,0.000432360930817424
10,0.03,0.39598467957700667,0.016677471017635788,0.6117577311577311,0.003213780666642651,3.288292929292929,0.040130834619417424,0.28500000000000003,0.02009844194013687,0.16303865862855207,0.00760532841658012,153.4,35.02581003233262,0.02954245085832189,0.0003160495586669563
10,0.05,0.5945468295087198,0.021819020869210975,0.5675609584859586,0.004124634694777333,2.9511616161616163,0.026057308393496507,0.541,0.02079853233688428,0.14242253068894206,0.006604290971221578,211.5,34.79590871292047,0.026694592752395097,0.00032733264261876414
10,0.1,0.8896944000317999,0.020605076292136006,0.50340936008436,0.004194845985773112,2.7089595959595956,0.011950312817060754,0.9899999999999999,0.03319797076867642,0.12499722426544806,0.00410120590632177,258.4,35.67930256575858,0.02459636841004855,9.817381154897858e-05
10,0.2,1.594864846402645,0.03179261365881168,0.371929748029748,0.004405436571003349,2.4734343434343433,0.00536707985388872,1.7700000000000002,0.06533315431411205,0.11776039932452247,0.0031907605384227833,205.45,29.061774042998746,0.02262496753899092,8.921514380805541e-05
10,0.3,2.310510524218484,0.03605352805308581,0.26702849095349096,0.0038590582745784124,2.3624141414141415,0.003623210751087334,2.5469999999999997,0.061409325539024555,0.10920318121805742,0.0023907301144577343,251.75,26.50361196834162,0.021671267142257925,4.574160102121035e-05
10,0.4,2.8512931197614777,0.050155211987236756,0.20270303862803862,0.00374458144069917,2.3074949494949495,0.003064695842603578,3.181,0.1224613795189496,0.10611342485898616,0.0033391992939202624,287.65,31.37374656753972,0.02137226317731393,3.392319464401643e-05
10,0.5,3.455705989947819,0.035147905128946146,0.15455660964852141,0.001981324821571663,2.2657979797979797,0.0015871329750195991,3.6359999999999992,0.13983147751941677,0.10809461448815541,0.0036867081511503513,263.75,36.80631203018251,0.02117153642091018,3.445680033262649e-05
10,0.7,3.867450924817029,0.046296114072719656,0.103002889920537,0.0013398132866010019,2.228989898989899,0.0009493139510994268,4.496,0.13929597417388856,0.10542411051265835,0.0026965318926762912,215.55,32.19304231793277,0.0208979893817682,3.393570800276573e-05
10,0.9,3.9526375455724194,0.03453251503700971,0.08900593915888033,0.001376781349370857,2.22149494949495,0.0010166084905048253,4.483999999999999,0.1150615395983247,0.11115001451203002,0.0022449503630738114,250.3,29.282840313776003,0.020976369594653408,3.647951671364133e-05
10,1.0,3.9008747547329263,0.05237110878054723,0.09321544329853151,0.0015524356810180271,2.2245050505050505,0.0011515151515151586,4.699,0.13987569669644467,0.1072093812646977,0.00346583828543919,323.5,30.24022243025965,0.020981612875825346,4.6449481799617355e-05
12,0.0,0.3563103124330504,1.273513149771875e-17,0.6818181818181818,0.0,4.636363636363638,2.037621039635e-16,0.0,0.0,0.23748106818899833,0.013037468391370953,92.8,37.154060485044106,0.03245579344164505,0.00038068046321139475
12,0.01,0.4073822841797109,0.009732338252457163,0.6642946719946721,0.0024202298229713025,3.5968383838383837,0.0892809177790341,0.11000000000000001,0.012937094768634555,0.18596644225561537,0.009646215710707801,117.6,32.43409512096475,0.029854799857363955,0.0003653687182054274
12,0.03,0.5641274373916411,0.018243273008668015,0.634193512043512,0.0033655932061027985,2.9807676767676767,0.03481729752708417,0.299,0.023551734766813163,0.15908440137858287,0.006127198389856547,186.15,34.65243023299566,0.027293687708750153,0.0002571910930078575
12,0.05,0.7522817529510909,0.02147342863781011,0.5955959887334886,0.0034398903934777943,2.7347373737373735,0.016545127221714,0.567,0.02723291352292972,0.13398301144723593,0.006049033702946372,229.05,37.348886758580406,0.02542986474629868,0.0002149066232638439
12,0.1,1.3021555240244636,0.03006506863663756,0.5111526459651461,0.0036607621581251646,2.4753636363636367,0.007400125744511929,1.113,0.02799530035747541,0.12002912140255928,0.003545855468696837,202.95,32.072653952845045,0.023390936924887445,8.202780017800402e-05
12,0.2,2.1809237125320147,0.039307829833596916,0.3863035040123276,0.004560626908889881,2.3098888888888887,0.004810043313939197,2.125,0.04642764602894996,0.11368225720844036,0.0036842065141457925,264.3,30.43406159655917,0.021884468806800415,8.014288516776484e-05
12,0.3,3.0452192019134112,0.04286596066326588,0.2858035731468394,0.0032864027812063643,2.21179797979798,0.003005869955596732,3.087,0.10549407566304375,0.10285942384922642,0.0028034110243189496,273.65,26.199364696998202,0.02122417548630168,3.4754338183650246e-05
12,0.4,3.869407749948811,0.047450782994214576,0.21427556445532453,0.0024382534475783477,2.1515858585858587,0.0024909860103772006,3.4519999999999995,0.12276978884331267,0.10740888987937638,0.003054911858478204,284.55,29.759870100876658,0.020898318214378674,4.012819308828557e-05
12,0.5,4.527055900700576,0.04896603686028273,0.16988455152518622,0.0026152327657797156,2.116787878787879,0.0024065855299294945,4.328,0.091965668651548,0.10372025377825984,0.001954406203158208,252.55,31.178389529996746,0.020752158225717243,3.133242708338734e-05
12,0.7,5.127081902673683,0.04692129183762948,0.12086674394147304,0.0013460780475451253,2.079585858585858,0.0010886497761349173,5.465999999999999,0.1371138597163532,0.10143088080550651,0.002442739074035506,299.2,31.86274841946478,0.020639672655230062,2.490362764972367e-05
12,0.9,5.218221533487039,0.04567312686595543,0.11298660810723504,0.0018319584495641683,2.0741717171717173,0.0014526743089015798,5.585000000000001,0.17352005799421516,0.10189559296954456,0.002009233944390803,213.7,30.734525417380027,0.02057569307724918,2.3510522405226333e-05
12,1.0,5.202176134822653,0.04634449451332189,0.11406458722362275,0.0013169738876117956,2.0736161616161612,0.0007750284540946543,5.495,0.14400201021988693,0.10525871371077826,0.002615058664574316,288.75,25.75940043025683,0.020590948984662093,3.312445250391875e-05
16,0.0,0.794042847413268,2.54702629954375e-17,0.6999999999999998,2.54702629954375e-17,3.6060606060606064,1.0188105198175e-16,0.0,0.0,0.14729417359655028,0.006138618747726934,212.55,40.949485890995525,0.02609611456422988,0.00018726556693643044
16,0.01,0.8902530357987448,0.012715135737708291,0.6815358399770164,0.0013641747789634295,2.84830303030303,0.03589410644960958,0.15300000000000002,0.012335229820998153,0.14553454235005356,0.0057517412694110225,229.85,41.336760433757924,0.02533419958905086,0.0001241511415760634
16,0.03,1.1536365134222892,0.02017180811192034,0.6475893903310312,0.0021350741196849996,2.496656565656566,0.010236942613208608,0.471,0.02381839183223091,0.12794874537032785,0.006216141893183192,252.75,31.464673173175285,0.02406424431526806,0.00016309123683669422
16,0.05,1.3919053356651299,0.023802500788444706,0.6104538675119171,0.003111539669689559,2.3772727272727274,0.007826233203924279,0.7580000000000001,0.031284770130292835,0.12308377603610972,0.0037107341826359136,192.1,32.60488339271636,0.02319854862211341,8.77145931745072e-05
16,0.1,2.115356526987678,0.043648967671461855,0.5289961673732184,0.004522159012638333,2.2214242424242423,0.006758688199574581,1.5030000000000001,0.05537004700434304,0.12052754635251688,0.004140861691429957,297.05,32.10726061517124,0.02192266455130763,8.220752012212394e-05
16,0.2,3.591281774579373,0.059014373253569265,0.40602847319743274,0.004476200291758622,2.0639898989898993,0.004480973919153651,2.891,0.09542674236237313,0.1068014530728149,0.0022061928284157015,239.0,30.461364658237247,0.021001980920930512,4.169491508950577e-05
16,0.3,4.870331419229973,0.057784036753156603,0.30589517586405457,0.003321457233016893,1.9800303030303028,0.002372850400417933,3.783,0.10363168586773774,0.10644219161861054,0.003687889110495625,238.4,29.519075010468807,0.02064913493679951,3.287269877402902e-05
16,0.4,5.990836475131397,0.0855602421444567,0.24735988031071993,0.0030273556728088176,1.939070707070707,0.0020939951594305187,4.875,0.14900989016981744,0.10475945415144021,0.002707606418621534,191.65,29.43666483897429,0.02047752284204779,3.329943172789193e-05
16,0.5,7.0851149508274585,0.06669864515055539,0.20214904807284464,0.001806680744398322,1.9123434343434347,0.0011009540099549743,5.896000000000001,0.2532758014081633,0.10768305094538293,0.0031969567346438422,165.2,26.268612449080745,0.020370622921350504,3.206890522423519e-05
16,0.7,8.030768364539233,0.05789803719016274,0.15914719890476556,0.0010836052407138949,1.8935151515151518,0.0009578063280486593,6.617,0.1587734234687909,0.10838613568589202,0.0029414547825881857,274.4,31.23176520619251,0.020291916065097865,2.2137440762953593e-05
16,0.9,8.088551260030423,0.09517420808893887,0.15318209486590592,0.0014845504392622122,1.8913131313131313,0.0006900822346413277,6.927,0.2537851349800498,0.10652563296206333,0.003131105225101995,276.3,30.5649524094096,0.020235000044879183,3.325031889197662e-05
16,1.0,8.013472562441828,0.07451135613736702,0.153082787254063,0.0011102751243050818,1.8918181818181818,0.0008681179596727049,6.939000000000002,0.15368782439875012,0.10794486116172937,0.0027939141120035755,265.3,29.99342910495037,0.020324034438576794,2.879807400375085e-05
